{"name":"Genuine Pilsner","abv":5.5,"ibu":0.0,"srm":0.0,"upc":0,"type":"beer","brewery_id":"aass_brewery","updated":"2010-07-22 20:00:20","description":"The Aass Genuine Pilsner is a premium \"lager\" produced in accordance with the \"Purity law\". The malted barely is a pilsnermalt produced in the Sandinavian countries. We use the very best of hops known under the name as Sazer and Hallertau, and the liquid is pure Norwegian mountain water.\r\n\r\nThe pilsner is largered at cool temperatures, and it is allowed to mature for as long at 3 months before bottling. \r\n\r\nThe beer is sold in a caracteristic nice- looking green bottel containing 11.2 fl. oz or 330 ml.","style":"German-Style Pilsener","category":"German Lager"}