{"name":"Pure Hoppiness","abv":8.0,"ibu":0.0,"srm":0.0,"upc":0,"type":"beer","brewery_id":"alpine_beer_company","updated":"2010-07-22 20:00:20","description":"A West Coast Double IPA\r\nSo mega-hopped it will take you to hop heaven. We’ve used hops in the boil, more hops in the giant hopback, and added to that, an incredible amount of dry-hopping for that cutting-edge “hop bite.” Once you’ve tasted this unique beer, all others pale in comparison. 1.072 OG Classified IBU 8%ABV","style":"Imperial or Double India Pale Ale","category":"North American Ale"}