{"name":"Samuel Adams Cream Stout","abv":0.0,"ibu":0.0,"srm":0.0,"upc":0,"type":"beer","brewery_id":"boston_beer_company","updated":"2010-07-22 20:00:20","description":"The Cappucino of beers. Roasty, smooth and sweet.\r\nSamuel Adams® Cream Stout is a true cream stout, balancing body and sweetness with the natural spiciness of grain and hand selected English hops. Our Brewers use generous portions of roasted chocolate and caramel malts as well as unroasted barley to impart a fullness of body, a roasty malt character and rich, creamy head. Its dark mahogany color make it almost as easy on the eyes as it is on the palate.","style":"American-Style Stout","category":"North American Ale"}