{"name":"Boulevard Dry Stout","abv":4.9,"ibu":0.0,"srm":0.0,"upc":0,"type":"beer","brewery_id":"boulevard_brewing_company","updated":"2010-07-22 20:00:20","description":"Velvety black and perfectly opaque, our bottled Dry Stout is the somewhat livelier companion to our popular draught version of this enduring style. This surprisingly smooth, drinkable beer is a delightful harmony of smoky roasted flavors and tangy, coffee-like notes.","style":"American-Style Stout","category":"North American Ale"}