{"name":"Belzebuth","abv":13.0,"ibu":0.0,"srm":0.0,"upc":0,"type":"beer","brewery_id":"brasserie_grain_d_orge","updated":"2010-07-22 20:00:20","description":"Beer of top fermentation, Belzebuth represents the achievement of a more than one hundred year-old know-how, the one of the Brewery Grain d'Orge. Under its copper colour, it hides a strong character for the lovers of sensations. It owes its strength to the subtle mixture of pure malts, hops and yeasts especially selected by our Master-Brewer.\r\n\r\nAt one time this beer was 15%. After the name change it was lowered to 13%.","style":"Golden or Blonde Ale","category":"North American Ale"}