{"name":"Tactical Nuclear Penguin","abv":32.0,"ibu":0.0,"srm":0.0,"upc":0,"type":"beer","brewery_id":"brewdog_ltd","updated":"2010-07-22 20:00:20","description":"This is the worlds strongest ever beer, ever (yes ever).\r\n\r\nNo Penguins  were harmed in the making of this beer; some humans did get very, very cold though. It was worth it.\r\n\r\nThe Antarctic name, inducing schizophrenia, of this Ÿber-imperial stout originates from the amount of time it spent exposed to extreme cold. This beer was initially double barrel aged for 14 months; maturing in the deep, rich oak of Scottish whisky casks. After this epic maturation the beer was then frozen, then frozen again, then frozen again.\r\n\r\nThis is an extremely strong beer, it should be enjoyed in small servings and with an air of aristocratic nonchalance. In exactly the same manner that you would enjoy a fine whisky, a Frank Zappa album or a visit from a friendly yet anxious ghost.","style":"American-Style Imperial Stout","category":"North American Ale"}