{"name":"Hardcore IPA","abv":9.0,"ibu":0.0,"srm":0.0,"upc":0,"type":"beer","brewery_id":"brewdog_ltd","updated":"2010-07-22 20:00:20","description":"This little bottle has a grandiloquent story to tell.\r\n\r\n2,204 malted Maris Otter grains gave all they had to offer the world to provide the robustly delicate toffee malt canvas for the ensuing epic.\r\n\r\n6 Hop Cones willingly sacrificed themselves in fiery cauldron that is our brew kettle to ensure your mouth is left feeling punished and puckering for more.\r\n\r\n9,900,000,000 yeast cells frantically fermented their little hearts out as the sugars were magically turned into alcohol in the dark depths of our fermentation tanks.\r\n\r\nThis explicit ale has more hops and bitterness that any other beer brewed in the UK. This is an extreme beer rollercoaster for freaks, gypsies and international chess superstars.","style":"Imperial or Double India Pale Ale","category":"North American Ale"}