{"name":"Loose Cannon Hop3 Ale","abv":7.25,"ibu":0.0,"srm":0.0,"upc":0,"type":"beer","brewery_id":"clipper_city_brewing_co","updated":"2010-07-22 20:00:20","description":"Loose Cannon Hop3 Ale - called Hop 3 (hop cubed) ale to reflect the enormous amount of hops in this beer: over 3 pounds per barrel! Also the beer is hopped 3 ways - in the kettle, in the hop back, and dry hopped. Winner of the Overall Best of Show Award in the Maryland State Governor's Cup 2005 Competition and voted the #1 IPA by Mahaffey’s Pub. We are very excited about this new product and have decided to make this beer available year round!","style":"American-Style India Pale Ale","category":"North American Ale"}