{"name":"Benchwarmer Porter","abv":6.4,"ibu":0.0,"srm":0.0,"upc":0,"type":"beer","brewery_id":"cooperstown_brewing_company","updated":"2010-07-22 20:00:20","description":"\"Benchwarmer\" is a very smooth Porter brewed in accordance with the original \"high gravity\" porters of early London. More than 4% chocolate malt, which is the most similar to the brown malts of the early 1700’s, gives \"Benchwarmer\" its dry coffee-like finish. It is fermented with the Ringwood yeast which is an excellent yeast for the brewing of porters. The widely accepted theory of how porter got its name is that it was a very popular beer among the porters who hauled produce and goods around the marketplace of early industrialized London.","style":"Porter","category":"Irish Ale"}