{"name":"Golden Treasure","abv":4.2,"ibu":0.0,"srm":0.0,"upc":0,"type":"beer","brewery_id":"crabby_larry_s_brewpub_steak_crab_house","updated":"2010-07-22 20:00:20","description":"For those who enjoy a clean, crisp, refreshing beer this medium copper colored brew is perfect. With its low level of hop bitterness and slightly sweet flavor it is one of our lightest ales. We use the lightest grains with Kent Goldings and Liberty hops. This beer is an excellent choice for the not so brave.","style":"Golden or Blonde Ale","category":"North American Ale"}