{"name":"Black Butte Porter","abv":5.2,"ibu":0.0,"srm":0.0,"upc":0,"type":"beer","brewery_id":"deschutes_brewery","updated":"2010-07-22 20:00:20","description":"Towering high above Central Oregon, jetting into clear blue skies, Black Butte can be seen for miles.  From its base flows the legendary Metolius River--with its source hidden deep beneath ancient lava flows. \r\n\r\nBlack Butte Porter, crafted from chocolate and crystal malts, is Deschutes Brewery’s flagship brand.  With a rich and distinctive flavor, this porter has enjoyed a loyal and passionate following since its first pint in 1988.","style":"Porter","category":"Irish Ale"}