{"name":"Mirror Mirror","abv":11.0,"ibu":0.0,"srm":0.0,"upc":0,"type":"beer","brewery_id":"deschutes_brewery","updated":"2010-07-22 20:00:20","description":"The Reserve Series romance all began with our first release of this limited-edition brew. Mirror Mirror, born of a double batch of Mirror Pond Pale Ale, is an inspired, barrel-aged barley wine layered with intriguing nuances. Explore this latest incarnation and enjoy its delicious complexity in every sip.","style":"American-Style Barley Wine Ale","category":"North American Ale"}