{"name":"Railbender Ale","abv":6.8,"ibu":0.0,"srm":0.0,"upc":0,"type":"beer","brewery_id":"erie_brewing_company","updated":"2010-07-22 20:00:20","description":"Erie, Pennsylvania was an important railroad hub in the mid–nineteenth century, the city being the site where three sets of track gauges met. Railbender Ale, Erie Brewing Co.’s flagship ale, named after the laborers who laid the railroad tracks is brewed with pride, strength and purity symbolic of Erie’s historic railroad’s and railroad workers. Railbender, a strong Scottish style ale smooth malt flavor and astonishing drinkability will have you \"Hopping on the train and riding off the rails.\" All Aboard!","style":"Scotch Ale","category":"British Ale"}