{"name":"Ol' Red Cease and Desist","abv":10.1,"ibu":0.0,"srm":0.0,"upc":0,"type":"beer","brewery_id":"erie_brewing_company","updated":"2010-07-22 20:00:20","description":"Erie Brewing presents the Beer formally known as Red Ryder BIG BEER - A beer dubiously awarded two cease and desist letters for its name. Ol’ Red Cease and Desist brings more to the table than just a big malty flavor and climaxing warming sensation…a legal record! This beer so recognized and loved by many deserves a unique name to match its unique history. What better name than Ol’ Red Cease and Desist – a name inspired by the long arm of the law!","style":"Scotch Ale","category":"British Ale"}