{"name":"Saranac Season's Best","abv":5.3,"ibu":0.0,"srm":0.0,"upc":0,"type":"beer","brewery_id":"f_x_matt_brewing","updated":"2010-07-22 20:00:20","description":"Brewed with a special blend of domestic and Belgian malts for a delicate nut-like character, you'll love this Lager's rich taste and signature hop aroma. The exceptional full-bodied taste reflects our Brewery's extraordinary commitment to brewing beers of the highest standard of quality.","style":"American-Style Lager","category":"North American Lager"}