{"name":"Oak Aged Yeti Imperial Stout","abv":9.5,"ibu":0.0,"srm":0.0,"upc":0,"type":"beer","brewery_id":"great_divide_brewing","updated":"2010-07-22 20:00:20","description":"Crack open Yeti Imperial Stout’s sophisticated sibling – Oak Aged Yeti Imperial Stout. Although these beers come from the same clan, they have entirely different personalities. Aging on a blend of French and toasted oak chips infuses a subtle oak and vanilla character into Yeti’s already intense chocolate, roasted coffee malt flavor and hugely assertive hop profile. Who says you can’t tame a Yeti?","style":"American-Style Imperial Stout","category":"North American Ale"}