{"name":"St.Terese's Pale Ale","abv":5.2,"ibu":0.0,"srm":0.0,"upc":0,"type":"beer","brewery_id":"highland_brewing_company","updated":"2010-07-22 20:00:20","description":"A golden pale having a slightly malty body balanced by an assertive American hop flavor. This pale ale displays a delicate hop nose due to the process of dry hopping. A crisp and refreshing beer perfect for any occasion.\r\n\r\nIBU: 24\r\nAlcohol content: 5.2% by volume\r\nHops: Chinook and Cascade\r\n\r\nCalories per 12 oz. 170.1\r\nCarbs per 12 oz. 15.65","style":"American-Style Pale Ale","category":"North American Ale"}