{"name":"Survival Stout","abv":5.3,"ibu":0.0,"srm":0.0,"upc":0,"type":"beer","brewery_id":"hopworks_urban_brewery","updated":"2010-07-22 20:00:20","description":"Beer of the Ancients! Barley (Egyptian), Wheat (Mesopotamian), Oats (Egyptian), Amaranth (Aztec), Quinoa (Incan), Spelt (Mesopotamian), and Kamut (Egyptian) sustain the soul with a nutrients cultivated through the millennia. Finished with 15 pounds of cold-pressed Stumptown Hairbender espresso. Unlock the mystery entombed in darkness.","style":"Oatmeal Stout","category":"British Ale"}