{"name":"Labatt Crystal","abv":5.0,"ibu":0.0,"srm":0.0,"upc":0,"type":"beer","brewery_id":"labatt_ontario_breweries","updated":"2010-07-22 20:00:20","description":"Labatt Crystal was introduced to Ontario in the late 1800s as one of the first lagers brewed by Labatt. World-renowned Saaz hops are used to give this beer a clean, almost sweet taste which nicely balances the fuller body, higher bitterness and richer taste typically associated with traditional lagers.","style":"American-Style Lager","category":"North American Lager"}