{"name":"Legacy Brewing Co.","city":"Reading","state":"Pennsylvania","code":"19602","country":"United States","phone":"(610) 376-9996","website":"http://www.legacybrewing.com","type":"brewery","updated":"2010-07-22 20:00:20","description":"Legacy Brewing Co. is committed to handcrafting unique, high quality beer by employing brewing techniques learned from European and American brewers. The complexity of flavors comes from a combination of high quality imported malts and our hopping methods which includes the use of whole flower hops. The Legacy team includes a creative collection of brewers, engineers, a microbiologist and our friends in the arts community; all with a passion for innovative products. Legacy...we brew pure pleasure!","address":["545 Canal Street"],"geo":{"accuracy":"RANGE_INTERPOLATED","lat":40.3256,"lon":-75.9283}}