{"name":"Mars - Belgian Imperial Red IPA","abv":8.7,"ibu":0.0,"srm":0.0,"upc":0,"type":"beer","brewery_id":"midnight_sun_brewing_co","updated":"2010-07-22 20:00:20","description":"Named after the Roman god of war, Mars radiates red color and brilliant beauty yet enrages the taste buds with wrathful force.  This Imperial IPA seizes its intense bitterness from an immense amount of hops.  Belgian yeast retaliates, adding complexity and character.","style":"Imperial or Double India Pale Ale","category":"North American Ale"}