{"name":"RUMBAH Double Rum Bock","abv":10.0,"ibu":0.0,"srm":0.0,"upc":0,"type":"beer","brewery_id":"midnight_sun_brewing_co","updated":"2010-07-22 20:00:20","description":"Beer Description:\r\nThis double bock provides smooth sailin' in rough seas. The fact that this luscious lager was aged in rum barrels creates the illusion that the open sea is a safe place. And while riding out these waves of grain, you may fall victim to the dangers of pirates, rum, bock. OK...maybe the beach is a bit over-rated.","style":"German-Style Doppelbock","category":"German Lager"}