{"name":"West Bank Pub Ale","abv":4.6,"ibu":0.0,"srm":0.0,"upc":0,"type":"beer","brewery_id":"minneapolis_town_hall_brewery","updated":"2010-07-22 20:00:20","description":"Most welcoming British pubs off a house ale or \"pub ale\" — this is ours. We use only the finest English barley, hops and yeast to create this classic English-style pale ale. It is noted for its nice malt flavor balanced with a medium hop presence. The pub ale is often referred to as our house \"session beer\" (a beer you can drink a number of and not fall off your barstool).","style":"Classic English-Style Pale Ale","category":"British Ale"}