{"name":"Moylander Double IPA","abv":8.5,"ibu":0.0,"srm":0.0,"upc":0,"type":"beer","brewery_id":"moylan_s_brewery_restaurant","updated":"2010-07-22 20:00:20","description":"“If One is Good, Then Two is Better!” Our Moylander Double IPA is fat and resiny, with aggresive and excessive hops swinging on on an enormous malt backbone like naughty monkeys on a vine. Double malt, double hops - do the math, it’s academic. This brew has twice the things you’re looking for, and it’s big enough to share with the one you love. And isn’t that what it's all about?","style":"Imperial or Double India Pale Ale","category":"North American Ale"}