{"name":"Night Tripper","abv":10.8,"ibu":0.0,"srm":0.0,"upc":0,"type":"beer","brewery_id":"new_holland_brewing_company","updated":"2010-07-22 20:00:20","description":"Night Tripper is an Imperial Stout for a Fat Tuesday release. Dark, mysterious and poetic, Night Tripper's abundance of roasted malts, combined with flaked barley create a rich, roasty beer with deeply intense and lush flavors. Night Tripper's layered, nuanced tones invite intrigue and reward a curious palate.","style":"American-Style Imperial Stout","category":"North American Ale"}