{"name":"Oak Barrel Stout","abv":5.2,"ibu":0.0,"srm":0.0,"upc":0,"type":"beer","brewery_id":"old_dominion_brewing_co","updated":"2010-07-22 20:00:20","description":"Dominion Oak Barrel Stout raises the bar for American stouts. We use smoked and peated malts to create an intricate malt foundation.  Willamette and Cascade hops balance the malt character and our method of dry hopping with vanilla beans and oak chips pushes the depth of our stout's flavor spectrum even further.","style":"American-Style Stout","category":"North American Ale"}