{"name":"Rahr's Summertime Wheat","abv":5.5,"ibu":0.0,"srm":0.0,"upc":0,"type":"beer","brewery_id":"rahr_sons_brewing_company","updated":"2010-07-22 20:00:20","description":"There is nothing more refreshing than a cold SUMMERTIME WHEAT at the end of a hot Texas day. This refreshing, lightly hopped ale has unique banana and clove-like characteristics. It is unfiltered so the yeast character comes through with a light but full body.","style":"South German-Style Hefeweizen","category":"German Ale"}