{"name":"Red Star Brewery & Grille","city":"Greensburg","state":"Pennsylvania","code":"15601","country":"United States","phone":"724.850.7245","website":"http://www.redstarbrewery.com/","type":"brewery","updated":"2010-07-22 20:00:20","description":"The Red Star Brewery & Grille opened for business October 19th, 1998.  We had only five beers on tap, the Golden Light, American Pale, English Brown, Irish Dry Stout, and a Seasonal brew.","address":["101 Ehalt St."],"geo":{"accuracy":"ROOFTOP","lat":40.3044,"lon":-79.5471}}