{"name":"Beer Esteem","abv":5.6,"ibu":0.0,"srm":0.0,"upc":0,"type":"beer","brewery_id":"russian_river_brewing","updated":"2010-07-22 20:00:20","description":"\"If you can't feel good about your beer... what else is worth feeling good about.\"\r\nWe call Beer Esteem a California Common because it is brewed with a lager yeast and it is fermented at warmer ale temperatures. However, Beer Esteem is distinctly different from other California Commons. With a unique hop profile, a lager yeast not typically used for the style, and a \"Russian River\" twist, Beer Esteem is anything but \"Common.\"","style":"American-Style Lager","category":"North American Lager"}