{"name":"Red Barn Ale","abv":6.7,"ibu":0.0,"srm":0.0,"upc":0,"type":"beer","brewery_id":"the_lost_abbey","updated":"2010-07-22 20:00:20","description":"This Farmhouse Ale traces its roots to the small rustic breweries of Southern Belgium. The word Saison comes to us from the French language and it means Season. Lightly spiced with Organic Ginger, Orange Peels, Black Pepper and Grains of Paradise, this brew promises to quench your thirst on the hottest Southern California days or wherever your travels may take you. Available in 750 ml bottles and on draft at select inspired locations.","style":"French & Belgian-Style Saison","category":"Belgian and French Ale"}