{"name":"Lost and Found Abbey Ale","abv":7.5,"ibu":0.0,"srm":0.0,"upc":0,"type":"beer","brewery_id":"the_lost_abbey","updated":"2010-07-22 20:00:20","description":"Lost and Found- Modeled after the great Trappist and Monastic beers that inspired the founding of our brewery. A richly deep garnet colored ale created from a blend of Domestic and imported malts. As part of our commitment to interesting brewing endeavors, Chef Vince created a special raisin puree for this beer. Malts, raisins and a fantastic yeast strain working in harmony produce a beer of amazing complexity and depth. Available in 750ml bottles and on draft at select inspired locations.","style":"Other Belgian-Style Ales","category":"Belgian and French Ale"}