{"name":"Yuengling Premium Beer","abv":4.4,"ibu":0.0,"srm":0.0,"upc":0,"type":"beer","brewery_id":"yuengling_son_brewing","updated":"2010-07-22 20:00:20","description":"A regional favorite, Yuengling Premium Beer is popular among local beer drinkers for its thirst quenching taste. It is a pilsner-style brew, gold in color with pale malt character that finishes crisp and clean. Premium flawlessly blends both two-row and six-row barley malt for a well balanced flavor that is always refreshing. Traces of the slight hop aroma are evident in every delicious sip of Premium Beer. Discover this well kept secret and enjoy the superior quality and taste you've come to expect from America's Oldest Brewery.","style":"American-Style Lager","category":"North American Lager"}